# Ohio 7-Day Snowfall, January 2025
# Units: inches
# Missing: M
# Trace: T
GHCN ID,Station Name,County,State,Elevation,Latitude,Longitude,Jan 1,Jan 2,Jan 3,Jan 4,Jan 5,Jan 6,Jan 7,Jan 8,Jan 9,Jan 10,Jan 11,Jan 12,Jan 13,Jan 14,Jan 15,Jan 16,Jan 17,Jan 18,Jan 19,Jan 20,Jan 21,Jan 22,Jan 23,Jan 24,Jan 25,Jan 26,Jan 27,Jan 28,Jan 29,Jan 30,Jan 31
US1OHHD0014,"ADA 5.4 NE","HARDIN",OH,962,40.81,-83.74,M,M,M,M,M,M,M,M,2.7,1,3,3,2.7,2.7,4.2,3.6,3.6,1.8,1.8,2.7,2.7,1.2,1.2,1.8,1.5,1.5,0.6,0.6,0.6,0.6,M
USW00014895,"AKRON CANTON AP","SUMMIT",OH,1210,40.92,-81.44,0.4,0.4,4,4.2,4.2,6,M,M,M,M,M,M,M,M,M,M,5.3,4.7,6.9,7.1,5.2,5.2,3.7,3.7,3.4,1.2,1,1,1,T,T
US1OHAT0006,"ALBANY 4.1 NW","ATHENS",OH,862,39.27,-82.24,M,M,M,M,M,M,M,M,M,M,M,M,M,M,M,M,M,M,M,M,M,M,M,M,M,M,M,T,M,M,M
US1OHVN0003,"ALBANY 4.5 WNW","VINTON",OH,892,39.25,-82.27,0,T,1.7,2.2,2.2,M,M,M,M,M,M,M,M,M,M,M,M,M,M,M,M,M,M,M,M,M,M,M,T,T,0
USC00330082,"ALEXANDRIA 2 NNW","LICKING",OH,1080,40.12,-82.63,0,0,2,3.5,3.5,6,6.5,6.5,7,7,7.6,7.6,5,4.5,5,5,3,1,1,M,M,M,M,M,M,M,M,M,M,M,M
USC00330140,"AMELIA","CLERMONT",OH,888,39.02,-84.22,0,0,M,M,M,M,M,M,M,M,M,M,M,M,2,M,M,M,M,M,M,M,0,0,0,0,0,0,0,0,0
US1OHHC0022,"ARCADIA 0.7 NNW","HANCOCK",OH,795,41.12,-83.52,M,M,M,M,M,M,M,5,M,M,M,M,M,M,M,M,M,M,M,M,M,M,M,M,M,M,0,0,0,0,M
US1OHDR0029,"ARCANUM 4.1 ENE","DARKE",OH,1016,40.02,-84.49,M,M,M,M,M,M,4.7,4.7,4.7,4.5,8.9,8.9,5.9,4.4,4.6,4.6,4.6,M,M,M,M,M,M,M,0.3,0.3,0.3,0.3,0.3,0.3,M
US1OHAS0002,"ASHLAND 3.9 SW","ASHLAND",OH,1181,40.83,-82.38,0.3,0.3,0.6,0.6,0.6,1.1,1.1,1.4,2,2.2,3.7,3.7,3.2,M,M,M,M,M,M,M,M,M,M,M,M,M,M,M,M,M,M
US1OHAT0016,"ATHENS 2.3 SSE","ATHENS",OH,949,39.29,-82.08,M,M,M,M,M,M,M,M,M,6.5,9,9,3,3,3,3,3,0,T,1,1,2,2,2,2,2,1,1,T,T,M
US1OHAT0021,"ATHENS 4.6 ESE","ATHENS",OH,842,39.31,-82.01,M,M,M,M,M,M,M,M,M,M,M,M,M,M,2.8,2.8,2.8,M,M,M,M,M,M,M,1.5,1.5,0.3,0.3,0.1,0.1,M
US1OHAT0028,"ATHENS 6.0 NW","ATHENS",OH,729,39.37,-82.19,M,M,M,M,M,M,M,12.4,M,M,M,M,M,M,M,M,M,M,M,M,M,M,M,M,M,1.4,0.2,0.2,0.2,0.2,M
USC00330279,"ATHENS OU","ATHENS",OH,684,39.32,-82.1,M,M,M,M,M,7.7,10.9,10.9,10.9,9.4,11.6,11.9,6.3,3.1,3.1,3.1,3.1,0.3,T,1.3,1.3,1.3,1.3,1.3,1.3,1.3,T,T,T,T,0
US1OHGG0021,"AUBURN CORNERS 3.0 WSW","GEAUGA",OH,1143,41.36,-81.27,M,M,M,M,M,M,16.6,18.3,18.6,17.8,10.8,8.6,7.6,5.1,4.1,3.6,4.4,M,M,M,M,M,M,M,6.9,6.3,2.2,2.6,2.4,2.1,M
US1OHLR0032,"AVON 1.1 NW","LORAIN",OH,634,41.46,-82.04,M,M,M,M,M,M,M,M,7,6.5,4.5,4.5,2.5,1.5,3,4,6,4.5,4.5,5.5,5.5,4,3,1,1,1,T,T,T,T,M
US1OHRS0018,"BAINBRIDGE 6.1 NNW","ROSS",OH,978,39.27,-83.36,M,T,M,M,M,M,M,M,M,M,M,M,M,M,M,M,M,M,M,M,M,M,M,M,M,M,M,M,M,M,M
US1OHGR0041,"BEAVERCREEK 1.1 SW","GREENE",OH,857,39.72,-84.07,T,T,1.6,1.6,1.6,8.5,11.1,11.1,11.1,9.5,13.4,13.4,6.5,3.9,4.1,4.1,4.1,0.2,0.2,0.6,0.6,0.5,0.5,0.8,0.8,0.8,0.4,0.4,0.3,0.3,T
US1OHGR0020,"BEAVERCREEK 2.0 NE","GREENE",OH,970,39.75,-84.03,M,M,M,M,M,M,M,M,10.2,8.7,11.9,11.9,5.4,3.2,M,M,M,M,M,M,M,M,M,M,M,M,M,M,M,M,M
US1OHGR0044,"BEAVERCREEK 2.5 NNW","GREENE",OH,1001,39.76,-84.07,M,M,M,M,M,M,M,M,10.2,9,12.5,12.5,6.5,3.5,3.5,3.5,3.5,M,M,M,M,M,M,M,M,0.5,0.3,0.3,0.3,0.3,M
US1OHBT0037,"BECKETT RIDGE 3.3 ESE","BUTLER",OH,853,39.33,-84.38,M,M,M,M,M,M,M,M,M,M,13.2,13.2,6.2,3.2,3.2,3.2,3.2,M,M,M,M,M,M,M,M,M,0,0,0,0,M
US1OHLG0016,"BELLE CENTER 1.1 SE","LOGAN",OH,1062,40.5,-83.73,0,T,1.2,1.2,1.2,1.4,1.4,1.4,1.8,0.6,1.6,1.6,1.4,1.4,1.4,1,1,T,T,M,M,M,M,M,M,M,M,M,M,M,0
US1OHHR0002,"BELLEVUE 0.6 N","HURON",OH,742,41.28,-82.84,M,M,M,M,M,M,M,M,M,M,M,M,M,M,5.8,M,M,M,M,M,M,M,M,M,M,2.8,0,0,0,0,M
US1OHER0011,"BERLIN HEIGHTS 0.4 N","ERIE",OH,780,41.33,-82.49,M,M,M,M,M,M,M,M,M,M,M,8.2,4.7,3.9,2.5,2.3,3.6,M,M,M,M,M,M,M,M,0.8,0.1,0.1,0.1,0.1,M
USC00330639,"BERLIN LAKE","PORTAGE",OH,1040,41.04,-81.01,0,0,1,2.5,3,4,5,5.5,5.5,4.5,4.7,4.4,3.4,2.4,2.1,2.3,M,M,M,M,M,M,M,M,M,M,M,0,0,0,0
USC00330676,"BEVERLY STP","WASHINGTON",OH,624,39.55,-81.63,M,M,M,M,M,M,M,M,M,6.5,9,9,6,3,3,3,3,T,0.1,0.3,0.3,0.3,0.3,0.3,0.3,0.2,T,T,0,0,0
US1OHFR0127,"BEXLEY 1.0 N","FRANKLIN",OH,810,39.98,-82.94,M,M,M,M,M,M,M,M,M,M,M,7.5,3,2.5,2.5,2.5,2.5,T,T,T,T,T,T,T,T,T,T,T,M,M,M
US1OHWD0012,"BOWLING GREEN 2.7 NW","WOOD",OH,675,41.41,-83.67,M,M,M,M,M,M,M,0.8,2.8,2.6,4.1,4.1,3.5,3.5,3.5,1.5,1.5,M,M,M,M,M,M,M,M,T,T,T,T,0,M
USC00330862,"BOWLING GREEN WWTP","WOOD",OH,675,41.38,-83.61,0,0,0,0,0,0.1,0.1,2.3,2.3,3.3,3.3,3.3,3.2,3.2,1,1.2,0.2,0.2,0.2,0.2,0.2,0.2,0,0,0,0,0,0,0,0,0
US1OHDR0001,"BRADFORD 2.3 NW","DARKE",OH,997,40.15,-84.46,0,T,0.3,0.3,0.3,2.7,3,3,3,2.7,5.8,5.8,3.4,3.1,3.4,3.5,3.5,0.4,0.4,0.7,0.7,0.4,0.3,0.8,0.8,0.8,0.5,0.5,0.5,0.5,0
US1OHMY0106,"BROOKVILLE 5.0 NNW","MONTGOMERY",OH,1033,39.9,-84.46,M,M,M,M,M,M,M,7.1,7.1,6.9,10.1,10.1,4.3,3.2,3.4,3.4,3.4,0.2,0.2,M,M,M,M,M,M,M,0.3,0.3,0.3,0.3,0
US1OHMD0002,"BRUNSWICK 0.5 NE","MEDINA",OH,1122,41.25,-81.81,1.1,1.7,3.4,11.4,12.9,12.9,14.4,15.2,15.6,13.9,7.5,6,6,4.5,4.7,3.9,5.7,4.1,4.4,6.7,6.7,4.7,4.5,3.3,3.3,3,0.7,0.9,0.8,0.8,0.2
USC00331057,"BUCKEYE LAKE 1 N","LICKING",OH,888,39.95,-82.48,M,M,M,M,M,M,M,M,0.6,0.4,2,2,1.8,1.8,2.2,2.9,2.9,1.1,1.1,1.6,1.6,1.2,0.5,0.5,0.5,0.5,0,0,0,0,0
USC00331072,"BUCYRUS","CRAWFORD",OH,955,40.81,-82.97,0,0,1.5,1.5,1.5,2.5,2.5,2.5,M,M,M,M,M,M,M,3,3,1.5,1.5,1.5,1.5,0.5,0,0,0,0,0,0,0,0,0
US1OHCW0003,"BUCYRUS 1.0 NW","CRAWFORD",OH,997,40.81,-82.98,0.1,0.1,1.8,1.9,1.9,2.7,3.1,3,3.8,2.1,3.4,3.5,2.7,2.3,3,2.4,2.8,1.7,1.6,2.2,2.2,1.5,1.3,1.7,1.4,1.4,0.8,0.8,0.8,0.8,0
US1OHGY0015,"CAMBRIDGE 1.0 ENE","GUERNSEY",OH,1007,40.03,-81.57,M,M,M,M,M,M,M,5.7,6.3,M,M,M,M,M,M,M,M,M,M,M,M,M,M,M,M,M,M,M,M,M,M
US1OHGY0014,"CAMBRIDGE 1.8 E","GUERNSEY",OH,872,40.03,-81.55,0,0,1.5,3.2,3.2,5.7,M,M,M,M,M,M,M,M,M,M,M,M,M,M,M,M,M,M,M,M,M,M,M,M,M
US1OHGY0010,"CAMBRIDGE 3.2 NE","GUERNSEY",OH,1040,40.06,-81.55,0,0,1,1.5,1.5,4,4,4.3,4.7,3.7,5.7,5.7,3.2,3.2,3.9,3.8,4.1,1.6,1.6,3.1,3.5,2.5,2.2,1.9,1.9,1.9,0.4,T,T,T,M
US1OHMH0011,"CANFIELD 0.5 N","MAHONING",OH,1091,41.04,-80.77,M,M,M,M,M,M,M,8.7,9.3,8.2,7.9,7.5,5.9,5.2,4.8,4.3,5.5,2.7,2.6,5.3,5.3,4.6,4.1,3.3,3.3,3.1,0.4,0.6,0.6,0.7,M
US1OHST0011,"CANTON 2.0 ENE","STARK",OH,1161,40.82,-81.34,M,M,M,M,M,M,7.2,7.2,7.2,7,8,M,M,M,M,M,M,M,M,M,M,5.5,5.5,2.5,2.5,2.5,1,1,1,1,M
US1OHCR0005,"CARROLLTON 0.9 NNE","CARROLL",OH,1154,40.59,-81.08,M,M,M,M,M,M,M,M,M,M,M,M,11,10,7,9,M,M,M,M,M,M,M,M,M,M,M,M,T,0,M
US1OHER0008,"CASTALIA 1.8 NNE","ERIE",OH,605,41.42,-82.79,M,M,M,M,M,M,M,M,M,M,M,M,M,M,M,M,M,M,M,M,M,M,M,M,M,1,T,T,T,T,M
USC00331404,"CENTERBURG 2 SE","KNOX",OH,1205,40.29,-82.65,0,0,0.2,M,M,M,M,M,M,M,M,M,M,M,M,M,M,M,M,M,M,0,0,0,0,0,0,0,0,0,0
US1OHMY0096,"CENTERVILLE 0.7 E","MONTGOMERY",OH,971,39.64,-84.13,0,0,1.7,1.7,1.7,9.5,10.5,10.6,10.6,8.9,12.6,12.6,4.8,3.8,3.7,3.7,3.7,T,T,0.2,0.2,0.2,0.2,0.4,0.4,0.4,0.2,0.2,0.2,0.2,0
US1OHMY0039,"CENTERVILLE 3.9 S","MONTGOMERY",OH,1002,39.59,-84.15,0,T,1.2,1.2,1.2,9.2,10.2,10.2,10.2,9,12.5,12.5,4.5,3.5,3.6,3.6,3.6,0.1,0.1,0.4,0.4,0.4,0.4,0.6,0.6,0.6,0.3,0.3,0.2,0.2,0
USC00331458,"CHARDON","GEAUGA",OH,1130,41.59,-81.19,2.2,5.2,6.2,11.2,14.2,15,17.5,15.9,13.1,12.1,9.3,6.8,6,4.1,6.3,7.6,9.1,M,M,M,M,M,M,M,12.1,11.6,3.6,4.7,4.2,2.4,1.4
US1OHAT0020,"CHAUNCEY 1.6 SE","ATHENS",OH,660,39.38,-82.11,M,M,M,M,M,M,M,M,M,M,M,M,M,M,2.5,2.5,2.5,M,M,M,M,M,M,M,M,M,0,0,0,0,M
US1OHHM0037,"CHERRY GROVE 0.4 NW","HAMILTON",OH,862,39.08,-84.33,M,M,M,M,M,M,M,10.2,10.2,10.2,12.5,12.5,6.2,2.5,2.5,2.5,2.5,T,T,0.7,0.7,0.7,0.7,0.7,0.7,0.7,T,T,T,T,M
USC00331516,"CHEVIOT 3 W","HAMILTON",OH,853,39.15,-84.68,0,0,0.1,0.1,0.1,7.1,10.5,11.2,11.2,11.1,13.7,13.7,6.7,3.3,2.6,2.6,2.6,0,0,0.2,0.2,0.4,0.4,0.4,0.4,0.4,0.2,0.2,0,0,0
USC00331524,"CHILLICOTHE 6 NW","ROSS",OH,761,39.38,-83.08,0,0,0.4,0.4,0.4,7.2,9.7,9.7,9.7,9.3,11.3,11.3,4.5,2,2,2,2,0,0,0.2,0.2,0.2,0.2,0.3,0.3,0.3,0.1,0.1,0.1,0.1,0
US1OHRS0014,"CHILLICOTHE 7.1 NE","ROSS",OH,849,39.42,-82.91,M,M,M,M,M,M,M,8.7,M,M,M,M,M,M,M,M,M,M,M,M,M,M,M,M,M,M,M,M,M,M,M
US1OHHM0071,"CINCINNATI 3.0 ENE","HAMILTON",OH,650,39.15,-84.45,M,M,M,M,M,M,M,M,M,M,M,M,M,2.8,2.8,2.8,2.8,M,M,M,M,M,M,M,M,0.1,0,0,0,0,M
US1OHHM0056,"CINCINNATI 7.4 NNW","HAMILTON",OH,875,39.21,-84.55,0,T,T,T,T,7.5,13.5,14,14,14,16.9,16.9,9.4,3.4,2.9,2.9,2.9,T,0,0.1,0.1,0.1,0.1,0.1,0.1,0.1,T,T,T,T,0
US1OHHM0064,"CINCINNATI 7.5 E","HAMILTON",OH,733,39.08,-84.38,M,M,M,M,M,M,M,M,M,M,M,M,M,M,M,2.5,2.5,M,M,M,M,M,M,M,M,M,M,M,M,M,M
US1OHHM0013,"CINCINNATI 8.9 NW","HAMILTON",OH,829,39.25,-84.58,M,M,M,M,M,M,M,12.7,12.7,12.7,15.7,15.7,8,3.1,3,3,3,M,M,M,M,M,M,M,M,0.1,T,T,T,T,M
USC00331592,"CIRCLEVILLE","PICKAWAY",OH,675,39.61,-82.96,0,0,1,1,1,3.5,6,6,6,5,6.5,6.5,4,M,M,M,M,M,M,M,0,0,0,0,0,0,0,0,0,0,0
US1OHPC0007,"CIRCLEVILLE 1.5 NE","PICKAWAY",OH,715,39.62,-82.92,M,M,M,M,M,M,M,M,M,M,M,M,M,M,M,M,M,M,M,M,M,M,M,M,T,T,T,M,M,M,M
US1OHMY0079,"CLAYTON 0.6 E","MONTGOMERY",OH,997,39.86,-84.34,M,M,M,M,M,M,M,M,8.6,7.9,11.1,11.1,4.6,3.2,3.4,3.4,M,M,M,M,M,M,M,M,M,M,M,0.8,0.8,0.8,M
USW00014820,"CLEVELAND-HOPKINS INTL AP","CUYAHOGA",OH,777,41.41,-81.85,0.2,0.2,3.6,4,4,5.6,5.8,6.3,6.3,M,M,M,M,M,M,M,4,3.6,4.9,5.1,3.7,3.7,2.1,2.2,2,0.7,0.5,0.5,0.5,0.1,0.6
US1OHHM0075,"CLEVES 0.7 NNE","HAMILTON",OH,667,39.17,-84.74,0,T,T,T,T,6.3,11,11,11,11,13.9,13.9,7.6,2.9,2.9,2.9,2.9,T,T,T,T,T,T,T,T,T,T,T,T,T,0
US1OHFR0155,"COLUMBUS 5.3 WNW","FRANKLIN",OH,914,40.02,-83.08,M,M,M,M,M,M,M,M,6.9,5.1,6.8,6.8,2.6,1.7,1.7,1.8,M,M,M,M,M,M,M,M,M,M,M,M,M,M,M
US1OHFR0058,"COLUMBUS 5.4 NW","FRANKLIN",OH,877,40.05,-83.06,M,M,M,M,M,M,M,M,M,M,M,M,M,M,M,2.2,M,M,M,M,M,M,M,M,M,M,M,M,0.2,0.2,M
USC00331785,"COLUMBUS WCMH","FRANKLIN",OH,740,40.03,-83.03,0,0,1.9,1.9,M,M,M,M,M,M,M,M,M,M,M,M,M,M,M,M,M,M,M,M,M,M,M,M,M,M,M
US1OHTR0013,"CORTLAND 1.2 NE","TRUMBULL",OH,1057,41.34,-80.71,M,M,M,M,M,M,M,9.7,9.6,8.7,5.9,4.7,4.4,2.5,3.1,3.3,4.5,2.7,2.6,5.1,5.1,4.1,3.9,3.7,3.7,3.7,1.2,1.5,1.5,1.3,0.3
US1OHSM0005,"CUYAHOGA FALLS 1.1 ESE","SUMMIT",OH,994,41.16,-81.5,0.1,0.6,1.5,6.5,8,8.4,10.1,10.9,11,10.1,6.6,5.1,4.7,3,2.9,2.8,4.1,2.6,2.6,3.8,3.8,3,2.5,1.9,1.9,1.9,0.7,0.8,0.8,0.8,0.1
US1OHMY0076,"DAYTON 6.0 NNW","MONTGOMERY",OH,919,39.86,-84.24,M,M,M,M,M,M,M,M,M,M,M,M,M,M,4,4,4,M,M,M,M,M,M,M,1,1,0.5,0.5,0.5,0.5,M
USW00093815,"DAYTON INTERNATIONAL AIRPORT","MONTGOMERY",OH,993,39.91,-84.22,T,T,0.4,0.4,3.1,6.4,6.4,6.5,6.5,10,10.8,8.1,4.8,5.4,5.3,5.3,1.4,0.6,1.7,1.7,1.1,1.1,1.9,1.9,1.9,0.8,0.8,0.8,0.8,0,0
USC00332098,"DEFIANCE","DEFIANCE",OH,700,41.28,-84.38,0,0,0.9,0.9,0.9,2,2,2,2.5,M,M,M,M,M,M,M,4.1,0.6,0.6,0.6,0.6,0.1,T,T,T,T,T,T,T,T,0
US1OHDL0047,"DELAWARE 0.7 NE","DELAWARE",OH,909,40.31,-83.07,M,M,M,M,M,M,M,2.8,3.4,2.5,3.8,3.8,2.4,2.4,2.9,2.8,2.8,M,M,M,M,M,M,M,1,1,M,M,M,M,M
USC00332120,"DELAWARE 2 ESE","DELAWARE",OH,924,40.29,-83.05,0,0,1.1,1.6,1.6,3,3.2,3.2,4.2,3.1,M,M,M,M,M,M,M,2.6,2.5,3,3,1.2,0.7,1.6,1.6,1.6,1.1,1.1,1.1,1.1,0
US1OHHM0099,"DILLONVALE 0.6 WSW","HAMILTON",OH,820,39.21,-84.41,M,M,M,M,M,M,M,M,M,M,M,M,M,M,M,2.5,2.5,M,M,M,M,M,M,M,M,M,M,M,M,M,M
US1OHTS0001,"DOVER 4.6 WNW","TUSCARAWAS",OH,935,40.55,-81.56,T,0.1,1.6,1.8,1.8,3.5,3.6,3.6,5.9,4.4,8,8.2,6.5,6.4,7.4,5.2,5.9,2.1,2,2.4,2.4,M,M,M,M,M,M,M,M,M,M
US1OHWN0021,"DOYLESTOWN 2.0 ESE","WAYNE",OH,1153,40.96,-81.66,M,M,M,M,M,M,7.1,6.6,7.6,6.1,7.6,7.3,5.8,4.8,5.5,5,6.5,3.1,3.1,5.1,5.1,4.3,3.7,3.1,3,3,1,1,0.9,0.9,M
US1OHFR0002,"DUBLIN 3.2 ENE","FRANKLIN",OH,896,40.13,-83.07,0,T,1.3,1.3,1.3,3.8,4.5,4.5,4.5,3.2,4.8,4.8,2.3,1.6,2.3,2.7,2.7,1.1,1.1,1.6,1.6,0.9,0.5,1.5,1.5,1.5,1,1,1,1,0
US1OHFR0172,"DUBLIN 3.4 E","FRANKLIN",OH,892,40.12,-83.07,M,M,M,M,M,M,M,M,M,M,M,M,M,M,M,M,M,M,M,M,M,M,M,M,M,1.5,1,1,1,1,M
US1OHPB0001,"EATON 1.0 N","PREBLE",OH,1056,39.76,-84.63,0,T,0.7,0.7,0.7,5.6,7.2,7.2,7.2,6.5,10.8,10.8,5.9,4.3,4.3,4.3,4.3,T,T,0.2,0.2,0.2,0.2,0.7,0.7,0.7,0.5,0.5,0.5,0.5,0
USC00332513,"EDON 4S","WILLIAMS",OH,867,41.5,-84.77,M,M,M,M,1.3,1.3,1.3,1.1,1.3,1.1,2.9,2.9,2.9,3.8,3.8,3.9,3.3,1.2,1.6,1.6,0.8,0.7,0.9,1,1,0.6,0.6,0.5,0.5,0.1,0
US1OHLR0008,"ELYRIA 0.4 SE","LORAIN",OH,710,41.38,-82.1,0.1,0.3,0.8,5.7,5.7,7.5,8.2,8.2,8.4,7.9,3.7,3.9,2.1,1.4,2.6,2.5,4.2,3.5,3.3,4.8,4.8,3.6,3.3,1.8,1.8,1.8,0.3,0.3,0.2,0.2,T
US1OHGR0037,"FAIRBORN 2.0 SW","GREENE",OH,875,39.78,-84.04,M,M,M,M,M,M,M,9.7,9.7,8,12.4,12.4,6,4.4,4.4,4.4,4.4,M,M,M,M,M,M,M,1,1,0.5,0.5,0.5,0.5,0
US1OHHM0087,"FAIRFAX 0.5 NE","HAMILTON",OH,533,39.15,-84.39,M,M,M,M,M,M,M,M,M,11.5,14.5,M,M,M,M,M,M,M,M,M,M,M,M,M,M,M,M,M,M,M,M
US1OHBT0021,"FAIRFIELD 1.7 W","BUTLER",OH,574,39.33,-84.57,M,M,M,M,M,M,M,M,11.4,11.4,13.5,13.5,4,2.1,2.1,2.1,2.1,T,T,T,T,T,M,M,M,M,M,M,M,T,0
US1OHMY0005,"FARMERSVILLE 1.7 E","MONTGOMERY",OH,826,39.68,-84.4,M,M,M,M,M,M,M,M,M,M,14,14,6,3.5,3.5,3.5,3.5,M,M,M,M,M,M,M,T,T,T,T,T,T,M
USC00332872,"FORT LORAMIE","SHELBY",OH,951,40.36,-84.37,M,M,M,M,M,M,M,0.9,0.9,0.1,2.8,2.8,2.7,2.7,3.5,3.6,M,M,M,M,M,M,M,M,1,1,0.5,0.5,0.5,0.5,0
US1OHSH0015,"FORT LORAMIE 0.8 NNW","SHELBY",OH,943,40.36,-84.37,M,M,M,M,M,M,M,0.9,0.9,0.1,2.8,2.8,2.7,2.7,3.5,3.6,3.6,M,M,M,M,M,M,M,1,1,0.5,0.5,0.5,0.5,0
USC00332928,"FRANKLIN","WARREN",OH,679,39.55,-84.32,M,M,M,M,M,M,M,M,M,8.2,10.2,10.2,2.2,2,2,2,2,M,M,M,M,M,M,M,M,0.1,T,T,T,T,M
US1OHKN0009,"FREDERICKTOWN 2.8 NE","KNOX",OH,1112,40.5,-82.51,M,M,M,M,M,M,M,M,4.9,2.9,4.4,4.4,2.9,2.4,4.3,3.8,4,M,M,M,M,M,M,M,M,1.2,0.7,0.7,0.7,0.7,M
US1OHKN0004,"FREDERICKTOWN 4.0 NNW","KNOX",OH,1199,40.54,-82.56,M,M,M,M,M,M,M,5.1,6.3,4.3,6.9,7.1,4.9,4.7,6.5,5.7,5.9,M,M,M,M,M,M,M,2.4,2.4,1.4,1.4,1.3,1.3,M
US1OHSD0002,"FREMONT 2.2 ENE","SANDUSKY",OH,609,41.37,-83.08,M,M,M,M,M,M,M,3.5,4.5,3.5,6,6,4,4,4.5,M,M,M,M,M,M,M,M,M,M,M,M,M,M,0,M
US1OHCC0004,"FRESNO 2.2 NNE","COSHOCTON",OH,970,40.36,-81.72,M,M,M,M,M,M,M,M,4.6,3.3,7.4,7.4,6.1,6.1,M,M,M,M,M,M,M,M,M,M,M,1.3,0.4,0.4,0.4,0.4,0
US1OHRC0017,"GALION 3.7 ENE","RICHLAND",OH,1235,40.75,-82.72,M,M,M,M,M,M,4.5,4.5,5.9,3.9,5.6,5.6,4.6,3.6,4.6,3.2,3.6,M,M,M,M,M,M,M,2.7,2.7,1.5,1.5,1.5,1.5,M
USC00333029,"GALLIPOLIS","GALLIA",OH,578,38.82,-82.18,M,M,M,M,M,M,M,11.5,11.5,11.5,13.5,13.5,5.5,2,2,2,2,0,T,2,2,2,2,2,2,2,0,0,0,0,0
US1OHFR0160,"GALLOWAY 4.3 W","FRANKLIN",OH,913,39.92,-83.24,M,M,M,M,M,M,M,M,M,M,M,M,M,M,M,M,M,M,M,M,M,M,M,M,M,0.6,0.2,0.2,0.2,0.2,M
US1OHAT0009,"GLOUSTER 3.6 SW","ATHENS",OH,738,39.47,-82.13,M,M,M,M,M,M,M,M,M,M,M,M,7.6,2.9,2.9,M,M,M,M,M,M,M,M,M,M,M,M,M,M,M,M
US1OHMG0003,"GLOUSTER 5.7 NE","MORGAN",OH,948,39.55,-82,M,M,M,M,M,M,M,9.4,9.7,8.5,11.1,11.1,7.1,3.9,3.9,3.7,3.7,0.5,0.5,1.6,1.6,1.3,1.1,1.2,1.2,1.2,0.1,0.1,0.1,0.1,0
US1OHFR0003,"GRANDVIEW HEIGHTS 0.1 N","FRANKLIN",OH,768,39.98,-83.04,M,M,M,M,M,M,M,4.7,4.7,4.5,5.5,5.5,2,2.2,2.2,2.2,1.2,M,M,M,M,M,M,M,0.8,0.3,0.3,0.3,0.3,M,M
US1OHLC0010,"GRANVILLE 4.0 N","LICKING",OH,1115,40.13,-82.52,0,T,2,3.5,3.5,6.5,8.6,8.6,9.4,7.4,7.7,7.7,4.7,2.6,3.9,3.9,3.9,2.1,2.1,2.8,2.8,1.5,0.7,1.7,1.7,1.7,1,1,1,1,0
US1OHHG0012,"GREENFIELD 3.6 SW","HIGHLAND",OH,940,39.31,-83.43,M,M,M,M,M,M,M,M,M,M,M,M,5,3,M,M,M,M,M,M,M,M,M,M,0.7,0.7,0,0,0,0,M
US1OHFR0111,"GROVE CITY 1.9 SSE","FRANKLIN",OH,784,39.85,-83.06,0,T,1.5,1.5,1.5,6.8,M,M,M,M,M,M,M,2.2,2.2,2.2,2.2,T,T,0.4,0.4,0.4,0.4,0.4,0.4,0.4,T,T,T,T,0
US1OHBR0018,"HAMERSVILLE 1.2 SE","BROWN",OH,992,38.9,-83.97,M,M,M,M,M,M,M,M,M,M,M,M,M,M,2.5,2.5,2.5,M,M,M,M,M,M,M,M,T,T,T,0,0,M
US1OHBT0001,"HAMILTON 4.7 E","BUTLER",OH,699,39.39,-84.48,M,M,M,M,M,M,M,7.7,7.7,7.7,10.2,10.2,4.2,2.5,2.5,2.5,2.5,M,M,M,M,M,M,M,M,0.1,T,T,T,T,M
US1OHBT0039,"HAMILTON 5.3 ENE","BUTLER",OH,699,39.43,-84.48,M,M,M,M,M,M,M,7.8,7.8,7.8,M,M,M,M,M,M,M,M,M,M,M,M,M,M,M,0.1,T,T,T,T,M
USC00333500,"HANNIBAL LOCKS AND DAM","MONROE",OH,620,39.67,-80.87,0,0,1.1,3.2,3.2,5.7,8.7,8.8,9.8,8.7,8.4,8.9,6.4,3.9,4.8,4.3,4.8,3,2.5,4.9,4.4,3.4,2.9,M,M,M,M,M,M,M,M
US1OHCB0008,"HANOVERTON 0.4 ENE","COLUMBIANA",OH,1186,40.76,-80.93,M,M,M,M,M,M,M,10.6,11.8,10.3,8.6,8.4,7.7,6.2,7.6,6.4,11.6,8.8,6.6,9.6,9.6,8.2,8.2,4,4,4,1,1,1,1,M
US1OHHM0035,"HARRISON 2.5 NNE","HAMILTON",OH,802,39.28,-84.77,M,M,M,M,M,M,M,M,M,M,10.6,10.6,M,M,M,M,M,M,M,M,M,M,M,M,M,M,M,M,M,M,M
USC00333722,"HICKSVILLE","DEFIANCE",OH,750,41.29,-84.76,0,T,1,1,1,1,1,1,1,T,2,2,2,2,3,3,3,1,1,1,1,T,T,T,T,T,T,T,T,T,0
US1OHFR0158,"HILLIARD 2.4 SW","FRANKLIN",OH,931,40.02,-83.18,M,M,M,M,M,M,M,M,M,M,M,M,M,M,M,M,M,M,M,M,M,M,M,M,M,M,M,M,0.5,0.5,M
US1OHPT0009,"HIRAM 0.4 N","PORTAGE",OH,1160,41.32,-81.14,M,M,M,M,M,M,18.7,20.5,21.5,20.5,12.5,10.5,9,7,7.5,7,7.5,5.8,5.6,9.1,9.1,5.6,4.6,6.7,6.3,6,2.5,3.3,3.3,3.3,0.8
US1OHLS0038,"HOLLAND 4.5 NW","LUCAS",OH,673,41.66,-83.78,M,M,M,M,M,M,M,M,M,M,M,M,M,M,M,M,M,M,M,M,M,M,M,M,M,M,M,M,M,0,M
US1OHSH0011,"HOUSTON 1.3 NNE","SHELBY",OH,978,40.27,-84.32,M,M,M,M,M,M,M,2.2,2.2,1.2,4.5,4.5,3.3,3.3,4.3,4.4,4.4,M,M,M,M,M,M,M,0.6,0.6,0.5,0.5,0.5,0.5,M
US1OHMY0018,"HUBER HEIGHTS 1.8 NNW","MONTGOMERY",OH,989,39.88,-84.13,M,M,M,M,M,M,M,7.8,7.8,7,10.5,10.5,4.6,3.5,3.5,3.5,3.5,M,M,M,M,M,M,M,M,0.7,0.2,0.2,0.2,0.2,M
US1OHER0018,"HURON 2.5 SSW","ERIE",OH,612,41.36,-82.57,M,M,M,M,M,M,M,M,M,M,M,9.3,5.8,5.3,4.3,4,5,3,3,3.9,3.9,3,2,1,1,1,T,T,T,T,0
USC00334004,"JACKSON 3 NW","JACKSON",OH,845,39.08,-82.71,M,M,M,M,M,M,M,12.9,12.9,12.2,14.2,14.4,6.9,2.4,2.2,2.2,2.2,0.2,0,1.1,1.1,1.1,1.1,1.1,1.1,1.1,T,T,T,T,0
USW00014821,"JOHN GLENN INTERNATIONAL AIRPORT","FRANKLIN",OH,810,39.99,-82.88,T,T,2.2,2.2,4.2,6.6,6.6,6.6,6.6,5.8,7.4,5.4,3,3.3,3.3,3.5,2.1,0.5,2,2,1.7,1.7,1.7,1.7,1.7,0.2,0.2,0.2,0.2,T,0
US1OHPT0017,"KENT 1.5 W","PORTAGE",OH,1058,41.15,-81.39,M,M,M,M,M,M,8.1,8.8,8.3,7.8,4.8,M,M,M,M,M,M,M,2.3,3.8,3.8,3.8,3.3,2,2,2,0.5,0.5,0.5,0.5,M
US1OHPT0010,"KENT 3.6 NE","PORTAGE",OH,1084,41.2,-81.34,0.4,0.6,1.2,7.3,7.9,9.9,10.7,13.2,14.5,13.9,9,8.4,6.4,5.6,M,M,M,M,M,M,M,M,M,M,M,M,M,1.2,1.2,1.2,M
US1OHPT0025,"KENT 4.2 SE","PORTAGE",OH,1110,41.11,-81.3,M,M,M,M,M,M,6.6,7.3,8,M,M,M,M,M,M,M,4.8,3.1,3.1,4.6,4.6,3.7,3.3,2.1,2.1,2.1,0.6,0.6,0.6,0.6,T
US1OHMY0009,"KETTERING 0.2 ESE","MONTGOMERY",OH,999,39.69,-84.15,M,M,M,M,M,M,M,M,M,M,M,M,M,M,M,M,M,M,M,M,M,M,M,M,M,0.3,0.3,0.3,0.3,0.3,0
USC00334249,"KIRKERSVILLE 3 N","LICKING",OH,1075,40,-82.6,0,0,2,2,2,5,5,5,5.3,3.3,5.3,5.3,2.3,2.3,2.7,3,3,1,1,1.7,1.7,1.3,0.7,0.7,0.7,0.7,0,0,0,0,0
USC00334261,"KIRWAN DAM","PORTAGE",OH,1017,41.14,-81.08,M,M,M,M,M,M,M,M,9.1,8.3,5,M,M,M,M,M,M,M,M,M,M,M,M,3.5,3.5,3.5,0.5,0.5,0.5,0.5,0
USC00333915,"LAKEVIEW","LOGAN",OH,991,40.49,-83.93,0,0,1.1,1.2,1.2,1.9,2.2,2.2,2.8,1.7,3.8,4,M,M,M,M,M,M,M,1.4,1.4,1,0.6,1.2,1.2,1.2,0.6,0.6,0.6,0.6,M
US1OHLG0012,"LAKEVIEW 0.2 N","LOGAN",OH,991,40.49,-83.93,T,T,1.1,1.2,1.2,1.9,2.2,2.2,2.8,1.7,3.8,4,3.3,3,3.4,3.2,3.2,1,0.8,1.4,1.4,1,0.6,1.2,1.2,1.2,0.6,0.6,0.6,0.6,0
US1OHCY0073,"LAKEWOOD 0.7 NW","CUYAHOGA",OH,636,41.49,-81.81,M,M,M,M,M,M,M,M,3.5,M,M,M,M,M,M,M,M,M,M,M,M,M,M,M,M,M,0.5,0.5,0.5,0.5,M
US1OHCY0041,"LAKEWOOD 1.3 SSW","CUYAHOGA",OH,739,41.47,-81.81,T,0.1,0.7,3.5,3.8,6,6.8,6.8,6.7,6.1,4.8,4.5,2.3,1.5,2.5,4.5,M,M,M,M,M,M,M,2.7,2.7,2.6,0.3,0.3,0.3,0.3,T
US1OHFF0014,"LANCASTER 7.2 W","FAIRFIELD",OH,1073,39.71,-82.73,M,M,M,M,M,M,M,M,M,M,M,M,M,M,M,M,M,M,M,M,M,M,M,M,M,M,M,M,0,0,M
US1OHWR0014,"LEBANON 3.4 E","WARREN",OH,929,39.42,-84.15,M,M,M,M,M,M,11.8,12,12,11,13.9,13.9,5.9,3.1,2.9,2.9,2.9,T,T,0.6,0.6,0.6,0.6,0.9,0.9,0.9,0.3,0.3,0.3,0.3,M
US1OHWR0035,"LEBANON 3.7 ENE","WARREN",OH,909,39.44,-84.15,M,M,M,M,M,M,M,9.8,M,M,M,M,M,M,M,2.9,2.9,T,T,0.3,0.3,0.3,0.3,0.5,0.5,0.5,0.2,0.2,0.2,0.2,0
US1OHPN0014,"LEIPSIC 5.4 W","PUTNAM",OH,743,41.11,-84.09,M,M,M,M,M,M,M,M,M,M,M,M,3.1,3.1,4.1,3.7,3.7,M,M,M,M,M,M,M,M,0.8,0.5,0.5,0.5,0.3,M
US1OHDL0012,"LEWIS CENTER 1.4 E","DELAWARE",OH,926,40.2,-82.98,0,T,1.5,1.5,1.5,3.5,3.9,3.9,5,3.5,5.2,5.4,3.4,3,4.6,4.1,4.1,2.4,2.2,3.1,3.1,1.5,0.9,2.3,2.3,2.3,1.4,1.4,1.4,1.4,0
US1OHRC0003,"LEXINGTON 0.9 NW","RICHLAND",OH,1225,40.69,-82.6,M,M,M,M,M,M,7.1,6.9,8.5,6.9,8.2,7.8,6.4,4.5,5.9,4.4,5.4,3.1,3.2,5.2,5.2,M,M,M,M,M,M,M,M,M,M
US1OHRC0015,"LEXINGTON 1.4 ENE","RICHLAND",OH,-9999,40.69,-82.56,M,M,M,M,M,M,7.5,7,8.5,6,8.5,8.5,6.5,5.5,7.5,5.5,6.5,4,4,5.3,5.3,3.3,2.8,2.8,2.3,2.3,1,1,1,1,M
US1OHRC0018,"LEXINGTON 2.3 NNW","RICHLAND",OH,1263,40.71,-82.61,T,0.2,2.4,3.1,3.4,4.4,5.4,5.4,6.7,4.5,6.2,5.9,4.9,3.9,5.4,5,5.4,3.2,3.2,4.6,4.6,3.1,2,2.4,2.2,2.2,0.8,0.8,0.8,0.8,0
US1OHAL0005,"LIMA 2.7 NE","ALLEN",OH,867,40.77,-84.08,T,T,1.8,1.8,1.8,2.4,2.4,2.4,2.9,1.1,3.9,3.9,3.3,3.3,4.3,3.8,3.8,1,1,1.6,1.6,0.6,0.6,1,1,1,0.4,0.4,0.4,0.4,0
USC00334551,"LIMA WWTP","ALLEN",OH,850,40.72,-84.13,0,T,0.1,0.1,0.1,0.1,0.1,0.1,0.1,2.5,2.5,2.5,2.5,2.6,2.6,2.6,0.1,0.1,0.1,0.1,T,T,T,T,T,T,T,T,T,0,T
USC00334672,"LOGAN","HOCKING",OH,722,39.53,-82.39,M,M,M,M,M,M,M,M,M,M,M,8.7,M,M,M,M,M,M,M,M,M,M,M,M,M,M,M,M,M,M,M
US1OHMA0014,"LONDON 1.1 NE","MADISON",OH,1029,39.9,-83.42,M,M,M,M,M,M,M,M,M,M,M,11.4,4.9,3.1,3.1,3.1,M,M,M,M,M,M,M,M,M,M,M,M,M,M,M
USC00334681,"LONDON STATE FISH HATCHERY","MADISON",OH,1120,39.9,-83.51,0,0,1.4,1.4,1.4,4.4,6.4,6.4,6.4,5,7,7,4,2,2.3,2.3,2.3,0.3,0.3,0.5,0.5,0.2,0.2,0.5,0.5,0.5,0.3,0.3,0.3,0.3,0
US1OHLR0036,"LORAIN 2.6 NE","LORAIN",OH,615,41.47,-82.15,T,T,0.5,3.5,3.5,5,5.5,5.5,5.5,5,3,3,1.5,1,1.7,2.1,3.6,2.6,2.6,2.9,2.9,2.2,1.8,0.3,0.3,0.3,T,T,T,T,T
US1OHCM0025,"LOVELAND 3.1 SE","CLERMONT",OH,841,39.23,-84.24,M,M,M,M,M,M,M,M,M,M,14,14,6.5,3,3,3,3,M,M,M,M,M,M,M,M,T,T,T,T,T,M
US1OHWR0040,"LOVELAND 3.6 ENE","WARREN",OH,790,39.29,-84.22,0,T,T,T,T,6,11.6,11.6,11.6,11.6,15.1,15.1,9.1,3.5,3.5,3.5,3.5,T,T,T,T,T,T,T,T,T,T,T,T,T,0
US1OHCM0033,"LOVELAND 5.2 SE","CLERMONT",OH,857,39.22,-84.19,M,M,M,M,M,M,M,M,M,M,M,M,M,M,3,3,3,M,M,M,M,M,M,M,M,T,T,T,T,T,M
US1OHMN0003,"LOWER SALEM 9.0 ENE","MONROE",OH,877,39.6,-81.23,M,M,M,M,M,M,M,10.6,11.3,9.1,11.3,11.7,8.6,5.1,5.1,3.8,4.3,1.1,0.7,3.7,3.7,3.9,3.9,3.4,3.4,3.4,0.4,0.4,T,T,0
US1OHHM0086,"MACK SOUTH 0.4 N","HAMILTON",OH,868,39.15,-84.67,M,M,M,M,M,M,M,M,M,20,22.5,22.5,14,2.5,2.5,2.5,2.5,M,M,M,M,M,M,M,M,M,M,M,0,0,M
US1OHLK0011,"MADISON 0.9 WSW","LAKE",OH,737,41.77,-81.07,0,2.8,5.7,10.2,11.8,12.6,13.7,13.7,10.9,8,10.2,9,8.2,10.8,12.9,14.2,15,M,M,M,M,M,M,M,M,M,M,M,M,M,M
US1OHGG0011,"MADISON 4.2 S","GEAUGA",OH,1004,41.71,-81.04,M,M,M,M,M,M,17.6,16.6,13.8,11.5,10,8,7,9,12.5,14,15,11.5,11.5,16.5,13.5,10,9,10,9.1,8.5,3.5,3,2.5,2,T
US1OHRC0009,"MANSFIELD 5.1 WSW","RICHLAND",OH,1437,40.74,-82.62,M,M,M,M,M,M,6.1,M,M,M,M,M,M,M,5,4,4.1,2.6,M,M,M,M,M,M,M,2.6,1.1,1.1,1,1,M
US1OHRC0014,"MANSFIELD 7.3 ENE","RICHLAND",OH,1030,40.78,-82.39,M,M,M,M,M,M,M,M,6.2,3.7,5.7,5.7,4.7,4,6.5,5.4,5.9,M,M,M,M,M,M,M,M,M,M,M,M,M,M
USW00014891,"MANSFIELD LAHM RGNL AP","RICHLAND",OH,1288,40.82,-82.52,0.2,0.2,1.9,1.9,1.9,3.3,3.3,4,4.1,3.2,3.8,3.8,2.4,3.1,2.3,2.7,1.9,1.3,1.9,2.2,1.5,1.4,1.5,1.5,1.5,1,0.6,0.6,0.6,T,T
US1OHPT0013,"MANTUA 1.0 NNW","PORTAGE",OH,1282,41.29,-81.23,M,M,M,M,M,M,M,23.5,23,M,M,M,M,M,M,M,M,M,M,M,M,M,M,M,M,M,M,M,M,M,M
US1OHMC0007,"MARIA STEIN 3.0 SSW","MERCER",OH,958,40.37,-84.52,M,M,M,M,M,M,M,M,M,M,M,M,M,M,M,M,M,M,M,M,M,M,M,M,M,M,0,0,0,0,M
USC00334927,"MARIETTA WWTP","WASHINGTON",OH,610,39.41,-81.43,2.5,2.6,2.6,2.6,2.6,M,M,M,M,M,M,M,M,3,3,3,1.5,0,M,M,M,M,M,M,M,M,M,0,0,0,0
USC00334979,"MARYSVILLE","UNION",OH,970,40.19,-83.27,0,0,0.7,M,M,M,M,M,M,M,M,M,M,1.1,1.7,1.7,1.7,M,M,M,M,M,M,M,M,M,M,M,M,M,0
US1OHUN0018,"MARYSVILLE 6.1 ENE","UNION",OH,990,40.27,-83.27,M,M,M,M,M,M,M,2,3,3,4,4,4,4,4,M,M,M,M,M,M,M,M,M,1.1,1.1,0.1,0,0,0,M
US1OHVN0005,"MCARTHUR 7.0 W","VINTON",OH,747,39.26,-82.61,M,M,M,M,M,M,M,M,M,M,M,M,M,M,M,M,M,M,M,M,M,M,M,M,0.5,0.3,0.2,0,0,0,M
US1OHMD0021,"MEDINA 0.4 SSE","MEDINA",OH,1089,41.13,-81.86,M,M,M,M,M,M,M,M,11.4,10.4,9.4,9.4,9.4,M,M,M,M,M,M,M,M,M,M,M,M,2.5,T,M,M,M,M
US1OHMD0010,"MEDINA 0.8 ENE","MEDINA",OH,1047,41.14,-81.85,M,M,M,M,M,M,7.4,7.6,9.2,8.2,6.3,6.1,5.5,4,4.1,2.8,4.6,M,M,M,M,M,M,M,M,3.2,0.4,0.6,0.6,0.6,M
US1OHMY0046,"MIAMISBURG 1.5 SE","MONTGOMERY",OH,959,39.62,-84.25,M,M,M,M,M,M,M,M,M,M,M,M,M,3.4,3.4,3.4,3.4,M,M,M,M,M,M,M,M,0.6,0.3,0.3,0.3,0.3,M
US1OHGG0007,"MIDDLEFIELD 0.6 NE","GEAUGA",OH,117,41.46,-81.07,1.4,2.4,3.1,9.8,12.1,13.4,14.9,M,M,M,M,M,M,M,4.5,M,M,M,M,M,M,M,5.2,5.2,5.1,5.1,M,M,M,M,M
US1OHBT0034,"MIDDLETOWN 2.7 NNE","BUTLER",OH,728,39.54,-84.35,M,M,M,M,M,M,M,M,9.9,9,13,13,6,4,4,4,M,M,M,M,M,M,M,M,M,0.3,0.2,0.2,0.2,0.2,M
US1OHCN0024,"MIDLAND 2.9 S","CLINTON",OH,993,39.27,-83.92,0,T,1.1,1.1,1.1,7.1,12.1,12.2,12.2,11.1,14,14,8,3,2.9,2.9,2.9,T,T,1,1,1,1,1.2,1.2,1.2,0.2,0.2,0.2,0.2,0
US1OHER0014,"MILAN 0.4 ENE","ERIE",OH,64,41.29,-82.59,M,M,M,M,M,M,M,M,8.1,M,M,M,M,M,M,M,3.4,M,M,M,M,M,M,M,1.7,1,T,T,M,M,M
US1OHPT0012,"MOGADORE 4.7 SE","PORTAGE",OH,1174,41.01,-81.33,M,M,M,M,M,M,3.5,4,4.3,3.3,4.3,4.3,3.3,2.8,3.3,3.4,6.4,4.4,4.4,5.9,5.9,4.9,4.5,1.9,1.9,1.9,0.4,0.4,0.4,0.4,T
USC00335438,"MONTPELIER","WILLIAMS",OH,873,41.59,-84.59,0,T,T,T,T,T,T,T,0.6,0.6,2.3,2.3,2.3,2.3,2.9,2.3,2.3,0.6,0.6,0.6,0.6,T,0.2,0.2,0.2,0.2,0.2,0.2,0.2,T,0
US1OHGG0004,"MONTVILLE 1.2 SSE","GEAUGA",OH,1238,41.59,-81.05,1.3,5.5,6.6,13.6,17.5,18.6,19.8,18.5,14.3,13.2,10.5,7.1,6,5.1,9.1,10.7,12,7.8,7.8,12.3,12.5,8.5,7.6,7.8,7.8,7.2,2.7,2.9,2.9,2.2,0.7
USC00335505,"MOSQUITO CREEK LAKE","TRUMBULL",OH,910,41.3,-80.76,M,M,M,M,M,M,6.1,6.6,6.7,6.2,4.2,3.7,M,M,M,M,M,M,M,M,4.5,4,3.5,3,3,M,M,M,M,M,M
US1OHMW0004,"MOUNT GILEAD 4.9 ESE","MORROW",OH,1187,40.51,-82.76,T,T,1.7,2.2,2.2,4.2,5.7,5.8,7.1,5.6,7.7,7.9,5.9,4.4,6.8,M,M,M,M,M,M,M,M,3.5,3.5,3,1.5,1.5,1.5,1.5,T
US1OHJF0009,"MOUNT PLEASANT 1.4 WSW","JEFFERSON",OH,1232,40.16,-80.82,0,0.2,1.4,2.4,2.4,4.4,5.4,5.4,7.8,6.6,8.1,8.3,6.3,5.3,5.9,3.3,4.8,M,M,M,M,M,M,M,M,2.3,0.3,0.3,0.2,0.2,0
US1OHKN0007,"MOUNT VERNON 0.2 WNW","KNOX",OH,1015,40.39,-82.48,M,M,M,M,M,M,M,M,4.6,3.1,3.8,3.8,2,1.4,2.9,3.4,3.6,M,M,M,M,M,M,M,M,1,0.5,0.5,0.5,0.5,M
US1OHHY0007,"NAPOLEON 0.6 WSW","HENRY",OH,675,41.39,-84.14,T,T,0.5,0.7,0.8,1.1,1.1,1.1,1.7,1.1,3.5,3.3,3,3,3.7,3.2,3.2,0.7,0.7,0.8,0.8,0.1,0.4,0.4,0.4,0.4,0.3,0.3,0.3,T,T
US1OHHY0014,"NAPOLEON 1.2 SSE","HENRY",OH,671,41.38,-84.12,M,M,M,M,M,M,M,0.1,0.3,0.2,2.2,2.2,2.2,2.2,2.7,2.5,M,M,M,M,M,M,M,M,0.4,0.4,0.4,0.4,0.4,0.1,M
US1OHHY0009,"NAPOLEON 4.5 NNW","HENRY",OH,705,41.46,-84.15,T,T,0.3,0.6,0.7,0.7,0.7,0.7,1.3,1,3,2.9,2.9,2.9,3.7,3.1,3.1,0.8,0.8,1,1,0.2,0.4,0.9,0.9,0.9,0.7,0.7,0.7,0.5,T
USC00335718,"NELSONVILLE","ATHENS",OH,709,39.5,-82.24,0,0,0,0,0,4,7,7.5,7.5,7.5,9.5,9.5,5.5,2.5,2,2,2,0,0,0,0,0,0,0,0,0,0,0,0,0,0
US1OHFR0008,"NEW ALBANY 2.8 SSE","FRANKLIN",OH,1032,40.04,-82.8,M,M,M,M,M,M,M,5.7,5.9,3.3,5.4,5.6,3.3,2.6,3.9,4.3,4.3,2,1.9,3,3,1.6,1.1,1.2,1.2,1.2,0.1,0.1,0.1,0.1,T
US1OHLC0028,"NEWARK 9.9 ENE","LICKING",OH,909,40.14,-82.27,M,M,M,M,M,M,M,5.7,6.3,4.9,7.4,7.4,4.3,3.8,4.4,4,4.4,M,M,M,M,M,M,M,M,2,1,1,0.8,0.8,M
USC00335786,"NEW CARLISLE","CLARK",OH,874,39.93,-84.03,0,0,0.3,M,M,M,M,M,M,M,M,M,M,M,M,M,M,M,M,M,0.3,0.3,0.3,0.3,0.3,0.3,0,0,0,0,0
US1OHMK0013,"NEW CONCORD 5.2 SSW","MUSKINGUM",OH,1075,39.92,-81.76,M,M,M,M,M,M,M,6.5,6.5,4,7.5,7.5,4.5,3.5,4.8,4.8,5.8,M,M,M,M,M,M,M,M,0.6,0,0,0,0,M
USC00335857,"NEW LEXINGTON 2 NW","PERRY",OH,877,39.73,-82.22,M,M,M,M,M,M,8.8,8.9,8.9,7.1,8.1,8.2,7.2,2.2,2.5,2.6,2.6,0.6,0.5,1.5,1.5,1.1,1,1.1,1.1,1.1,0.1,0.1,0.1,0.1,0
US1OHTS0024,"NEW PHILADELPHIA 5.6 WSW","TUSCARAWAS",OH,917,40.44,-81.53,0,0,1.2,1.3,1.3,M,M,M,M,M,M,M,M,4.5,5.8,4.9,5.4,1.9,1.9,2.5,2.5,1.2,1.1,0.6,0.6,0.6,T,T,T,T,M
US1OHFR0059,"NEW ROME 2.2 NW","FRANKLIN",OH,931,39.98,-83.17,0,T,1.4,1.4,1.4,5.1,5.4,5.4,5.4,4,6.1,6.1,2.4,2.1,2.3,2.4,2.4,0.3,0.3,0.9,0.9,0.7,0.6,1.2,1.2,1.2,0.6,0.6,0.6,0.6,0
US1OHTR0004,"NEWTON FALLS 0.6 N","TRUMBULL",OH,903,41.2,-80.97,T,0.4,1.4,8.8,11.5,11.8,14.2,15.5,15.9,14.9,9.7,7,6.7,4.3,3.9,3.6,4.8,2.6,2.6,4.5,4.5,3.6,3.1,3.5,3.5,3.5,1.6,1.6,1.6,1.6,T
US1OHHM0096,"NORTHBROOK 1.1 ENE","HAMILTON",OH,826,39.25,-84.56,M,M,M,M,M,M,M,M,M,M,M,M,M,M,2.5,2.5,2.5,M,M,M,M,M,M,M,M,M,T,T,T,T,M
US1OHMH0021,"NORTH LIMA 1.9 W","MAHONING",OH,1119,40.95,-80.7,T,0.3,1.6,4.9,5.2,6,7.2,8.2,8.5,7.2,6.8,7,6.2,5,4.9,4.6,6.9,3.9,3.5,6.5,6.5,5.7,5.4,3.8,3.8,3.7,0.7,0.8,0.7,0.8,0.2
US1OHLR0025,"NORTH RIDGEVILLE 2.5 NE","LORAIN",OH,704,41.42,-81.98,T,T,0.3,4.6,4.7,6,7.7,8.1,8.2,7.9,5.4,5.3,4,2.3,3,3.4,5.5,3.7,3.7,5,5,3.9,3.4,1.6,1.6,1.6,0.3,0.3,0.3,0.3,0
US1OHMK0012,"NORWICH 1.1 SE","MUSKINGUM",OH,1113,39.98,-81.78,M,M,M,M,M,M,M,6.3,7.1,5.5,8.4,8.4,3.9,3.9,4.2,3.3,3.5,0.5,M,M,M,M,M,M,M,T,T,T,T,M,M
US1OHOT0011,"OAK HARBOR 0.4 W","OTTAWA",OH,587,41.51,-83.16,M,M,M,M,M,M,M,M,M,M,3,3,3,3,4,4.5,5.5,M,M,M,M,M,M,M,M,1.3,0.3,0.3,0.3,0,0
US1OHJC0004,"OAK HILL 0.6 SSW","JACKSON",OH,704,38.89,-82.57,M,M,M,M,M,M,M,14,14,14,17,17,11,4,3,M,M,M,M,M,M,M,M,M,M,M,M,M,M,M,M
USC00336196,"OBERLIN","LORAIN",OH,816,41.28,-82.22,0.5,0.5,3,5.6,5.6,M,M,M,M,M,M,M,M,M,M,M,M,M,M,M,M,M,M,M,M,M,M,M,0,0,0
US1OHLS0014,"OREGON 2.8 SSW","LUCAS",OH,597,41.63,-83.44,M,M,M,M,M,M,M,0.6,0.6,0.5,1.5,1.5,1.2,1.2,M,M,M,M,M,M,M,M,M,M,M,M,M,M,0.2,T,0
USC00336342,"OTTAWA","PUTNAM",OH,730,41.03,-84.05,T,0,1,1,1,2,2,3,3,5,5,5,4,5,4,4,1,1,1,1,T,T,T,T,T,T,T,T,T,0,0
US1OHPN0010,"OTTAWA 1.0 N","PUTNAM",OH,740,41.04,-84.04,M,M,M,M,M,M,M,2.9,2.9,1.6,4.9,M,M,M,M,M,M,M,M,M,M,M,M,M,0.8,0.8,0.4,0.4,0.4,0.4,M
USC00336405,"PANDORA","PUTNAM",OH,770,40.95,-83.96,T,0.2,3.1,3.1,3.1,4.1,4.1,5.1,4.9,5.3,6,6,5,6.1,5.1,5.1,1.8,1.1,2,2,0.9,0.9,0.9,0.9,0.9,T,T,T,T,0,0.5
US1OHCY0024,"PARMA 1.9 NNW","CUYAHOGA",OH,836,41.41,-81.74,0.6,0.8,1.3,6.1,6.4,8.6,9.3,9.1,9.3,8.8,5.3,5.2,3,2.3,2.9,3.3,4.6,3.3,3.2,6.8,6.8,5.9,5.1,4.5,4.5,4.4,0.8,0.9,0.8,0.8,0.1
US1OHLC0029,"PATASKALA 0.2 E","LICKING",OH,1018,40,-82.67,M,M,M,M,M,M,M,M,M,M,M,7,4,2.5,3,3.2,3.2,0.8,0.8,1.6,1.6,1.1,0.8,0.8,0.8,0.8,T,T,T,T,0
US1OHLC0022,"PATASKALA 3.2 E","LICKING",OH,1074,40,-82.61,M,M,M,M,M,M,M,M,6.7,5.2,7,7,3.5,2.5,3,3.1,3.1,1.1,M,M,M,M,M,M,M,0.6,T,T,M,M,M
USC00336465,"PAULDING","PAULDING",OH,725,41.12,-84.59,0,0,1,1,1,4,4,4,4,3,5.6,5.6,2.6,2.6,2.7,2.7,2.7,0.1,0.1,0.2,0.2,0.1,0.1,0.1,0.1,0.1,T,T,T,0,0
US1OHAD0006,"PEEBLES 4.2 N","ADAMS",OH,778,39.01,-83.41,M,M,M,M,M,M,M,M,M,M,M,M,M,M,M,M,M,M,M,M,M,M,M,M,M,M,T,T,T,T,M
US1OHWD0014,"PERRYSBURG 1.6 WSW","WOOD",OH,637,41.54,-83.65,M,M,M,M,M,M,M,M,1,1,2,2,2,2,3,3,3,1,1,1,1,T,T,T,T,T,T,T,T,T,0
US1OHWD0030,"PERRYSBURG 4.5 SW","WOOD",OH,642,41.51,-83.69,M,M,M,M,M,1.3,1.3,1.6,1.4,2.8,4.1,4.1,3.7,4.3,4,4.2,2.4,0.8,0.9,1.1,0.6,1,0.9,M,M,M,M,M,M,M,M
US1OHFF0029,"PICKERINGTON 2.4 N","FAIRFIELD",OH,902,39.93,-82.77,M,M,M,M,M,M,M,6.7,6.7,4.5,7,7,3.5,2.5,2.5,2.8,2.8,M,M,M,M,M,M,M,M,1.5,0.2,0.2,0.2,0.2,M
US1OHFF0018,"PICKERINGTON 2.8 N","FAIRFIELD",OH,932,39.93,-82.77,M,M,M,M,M,M,M,M,M,M,10.7,10.7,5.6,3,3.1,3.1,3.1,M,M,M,M,M,M,M,M,2.1,0.3,0.3,0.3,0.3,M
US1OHMM0029,"PIQUA 1.4 SSW","MIAMI",OH,944,40.13,-84.26,M,M,M,M,M,M,M,M,M,M,M,M,M,3.3,3.6,M,M,M,M,M,M,M,M,M,M,0.7,0.4,0.4,0.4,0.4,M
US1OHDR0035,"PITSBURG 1.7 S","DARKE",OH,1036,39.96,-84.49,M,M,M,0.3,0.3,4.4,M,M,M,M,M,M,M,3.2,3.4,3.4,3.4,0.2,0.2,0.3,0.3,0.1,0.1,0.3,0.3,0.3,0.2,0.2,0.2,0.2,0
US1OHFF0030,"PLEASANTVILLE 2.9 WSW","FAIRFIELD",OH,941,39.8,-82.58,M,M,M,M,M,M,M,M,M,M,M,M,M,M,M,M,M,M,M,M,M,M,M,M,M,M,M,M,0,0,M
US1OHOT0002,"PORT CLINTON 2.5 W","OTTAWA",OH,574,41.5,-82.99,M,M,M,M,M,M,M,1.4,1.4,1.1,3.7,3.7,3.2,3.2,3.3,4.1,4.6,M,M,M,M,M,M,M,M,0.3,T,T,T,T,M
US1OHOT0009,"PORT CLINTON 6.8 W","OTTAWA",OH,579,41.52,-83.07,M,M,M,M,M,M,M,M,M,M,M,M,M,M,M,M,M,M,M,M,M,M,M,M,M,M,M,M,M,0,M
US1OHSC0013,"PORTSMOUTH 3.3 N","SCIOTO",OH,812,38.8,-82.96,M,M,M,M,M,M,M,M,M,12,15,15,5.5,3,3,3,3,M,M,M,M,M,M,M,M,M,M,M,M,M,M
US1OHDL0032,"POWELL 0.9 NNW","DELAWARE",OH,919,40.17,-83.08,0,T,1.2,1.2,1.2,3.6,4.5,4.5,4.8,3.6,5.1,5.1,2.7,1.8,3.1,3.5,3.5,2,2,2.5,2.5,1.2,0.5,1.8,1.8,1.8,1.3,1.3,1.3,1.3,0
US1OHOT0004,"PUT-IN-BAY 1.1 SSW","OTTAWA",OH,590,41.64,-82.82,M,M,M,M,M,M,M,M,0.1,0.1,1.5,1.5,1.5,1.5,2,2,3,M,M,M,M,M,M,M,T,T,T,T,T,0,M
US1OHPT0002,"RAVENNA 0.5 E","PORTAGE",OH,1119,41.16,-81.23,M,M,M,M,M,M,7.8,8.2,8.5,8.2,3.2,1.9,1.9,1.6,2.2,2.2,3,M,M,M,M,M,M,M,2,2,0.2,0.2,0.2,0.2,M
USC00336955,"RAYMOND 4 NW","UNION",OH,1080,40.35,-83.48,M,M,M,M,M,M,M,2.4,3.3,2.8,4.3,4.3,M,M,M,M,M,M,M,M,0.3,0.3,0.3,0.8,0.8,0.8,0.5,0.5,0.5,0.5,0
US1OHSM0046,"REMINDERVILLE 0.3 NNE","SUMMIT",OH,1000,41.33,-81.39,M,M,M,M,M,M,11.9,13.9,14.4,13.9,7.4,5.9,5.4,4.2,2.5,2,3.5,2.5,2.5,7.7,7.7,6.7,6.7,7.7,7.7,7.7,2.5,2.5,2.5,M,M
US1OHPT0024,"ROOTSTOWN 0.5 NW","PORTAGE",OH,1089,41.1,-81.25,M,M,M,M,M,M,8.4,10.1,11.8,10.8,7.6,6.8,6.8,5,4.1,2.8,3.9,2.4,2.4,3.9,3.9,3.1,2.6,2.2,2.2,2.2,0.7,0.7,0.7,0.7,M
US1OHSC0004,"ROSEMOUNT 0.3 W","SCIOTO",OH,622,38.79,-82.98,M,M,M,0.1,0.1,M,M,M,M,M,M,M,M,M,M,M,M,M,M,M,M,M,M,M,M,M,M,M,M,M,M
US1OHMH0010,"SALEM 4.5 NE","MAHONING",OH,1241,40.95,-80.8,M,M,M,M,M,M,M,7.3,7.6,6.4,6.7,6.5,5.3,4.3,4.3,4,6.1,M,M,M,M,M,M,M,M,M,M,M,M,M,M
USC00337410,"SALEM CENTER 2 E","MEIGS",OH,761,39.07,-82.29,0,0,1,1.1,1.1,8.1,10.1,10.1,10.1,9.1,11,11,4,2,2,2,2,T,0.1,0.1,0.1,0.1,0.1,0.1,0.1,T,T,T,0,0,0
US1OHAD0005,"SEAMAN 3.4 E","ADAMS",OH,836,38.94,-83.51,M,M,M,M,M,M,M,M,M,M,M,13.8,5.7,2.7,M,M,M,M,M,M,M,M,M,M,M,M,M,M,T,T,M
US1OHNB0004,"SENECAVILLE 4.0 SE","NOBLE",OH,1025,39.89,-81.41,M,M,M,M,M,M,M,M,M,M,M,M,M,M,M,M,M,M,M,M,M,M,M,M,M,M,M,0,0,0,M
US1OHMD0019,"SEVILLE 0.2 NW","MEDINA",OH,1002,41.02,-81.87,M,M,M,M,M,M,M,M,M,M,M,M,M,M,M,M,M,M,M,M,M,M,M,M,M,M,M,M,0.3,0.3,M
US1OHRC0007,"SHELBY 0.6 NNE","RICHLAND",OH,1094,40.89,-82.66,M,M,M,M,M,1.8,1.8,1.8,2.3,4.3,4.3,4.3,3.3,3.3,3.3,2.8,T,M,M,M,M,M,M,M,2,0,0,0,0,0,M
US1OHHM0069,"SHERWOOD 1.3 SSW","HAMILTON",OH,812,39.07,-84.37,0,0,0,0,0,7.9,11.9,11.9,11.9,11.9,14.5,14.5,6.6,2.6,2.6,2.6,2.6,T,T,T,T,T,T,T,T,T,0,0,0,0,0
US1OHSH0020,"SIDNEY 5.4 SW","SHELBY",OH,928,40.24,-84.24,M,M,M,M,M,M,M,M,M,M,M,M,M,M,M,3.9,3.9,M,M,M,M,M,M,M,M,1.1,0.7,0.7,0.7,0.7,M
US1OHCK0028,"SOUTH CHARLESTON 3.5 NW","CLARK",OH,1059,39.86,-83.7,M,M,M,M,M,M,M,8.3,8.3,6.9,9.8,9.8,3.7,2.9,2.9,2.9,2.9,M,M,M,M,M,M,M,M,0.4,0.2,0.2,0.2,0.2,M
US1OHCK0024,"SOUTH CHARLESTON 3.8 NNW","CLARK",OH,1109,39.88,-83.66,M,M,M,M,M,M,M,M,M,M,M,M,M,3.8,3.9,3.9,3.9,M,M,M,M,M,M,M,M,M,M,M,M,M,M
US1OHCY0058,"SOUTH EUCLID 0.2 ESE","CUYAHOGA",OH,968,41.52,-81.52,M,M,M,M,M,5.1,5.7,5.4,5,3.4,3.6,2.8,1.5,0.9,2.2,3.9,4.1,3.2,3.4,5.7,5.7,4.4,2.9,4.1,4.1,3.9,1.6,1.6,1.6,1.4,M
US1OHMD0016,"SPENCER 1.5 E","MEDINA",OH,890,41.1,-82.09,0.2,0.2,1,2.5,2.7,2.7,3.6,3.7,5.2,4.4,4.1,3.9,3.9,3,3.5,2,3.4,2.2,2.4,4,4,3.3,3.3,2.3,2.3,2.1,0.5,0.5,0.4,0.4,T
US1OHWR0060,"SPRINGBORO 1.3 SSE","WARREN",OH,800,39.55,-84.23,M,M,M,M,M,M,M,M,M,M,M,M,M,M,M,M,M,M,M,M,0,T,T,T,T,T,T,T,T,T,M
US1OHCK0029,"SPRINGFIELD 0.7 N","CLARK",OH,974,39.94,-83.8,M,M,M,M,M,M,M,M,M,M,M,M,M,M,M,3.9,3.9,M,M,M,M,M,M,M,M,0.1,0.1,0.1,0.1,0.1,M
US1OHCK0020,"SPRINGFIELD 6.4 SW","CLARK",OH,1003,39.87,-83.89,M,M,M,M,M,M,M,7.9,7.9,6.7,10.2,10.2,3.5,3.5,3.7,3.7,3.7,M,M,M,M,M,M,M,0.5,0.5,T,T,T,T,M
US1OHCK0013,"SPRINGFIELD 7.4 SW","CLARK",OH,960,39.86,-83.9,M,M,M,M,M,M,M,M,M,M,10.9,10.9,4.8,M,M,M,M,M,M,M,M,M,M,M,M,M,M,M,M,M,M
USC00338025,"STEUBENVILLE","JEFFERSON",OH,992,40.38,-80.63,M,M,M,M,M,M,M,M,M,M,M,M,M,M,M,M,M,M,M,M,M,M,M,M,M,2.2,0.2,0.2,0.2,0.2,0
US1OHAT0003,"STEWART 4.6 NNE","ATHENS",OH,902,39.37,-81.87,M,M,M,M,M,M,M,11.9,12,10.6,13.3,13.3,8,4.3,3.6,3.3,3.3,T,0.2,2.3,2.3,2.5,2.5,2.9,2.9,2.7,0.6,0.6,0.4,0.4,0
USC00338062,"STOW 4 SE","SUMMIT",OH,1060,41.13,-81.45,0,0.2,1.2,5.6,6.4,6.5,8.3,9.2,9.8,8.8,6,5.4,5.3,3.5,3.5,3.1,4.2,2.6,2.4,3.7,3.7,2.8,2.4,1.8,1.8,1.8,0.5,0.7,0.7,0.7,0.2
USC00337400,"ST PARIS 2 NE","CHAMPAIGN",OH,1239,40.14,-83.93,0,0,0.9,0.9,0.9,5.1,5.1,5.1,5.1,4.2,7.1,7.1,2.9,2.9,3.1,3.1,3.1,0.2,0.2,0.2,0.2,0,0,0,0,0,0,0,0,0,0
US1OHPT0023,"STREETSBORO 1.8 NW","PORTAGE",OH,1094,41.26,-81.37,M,M,M,M,M,M,M,M,M,M,M,M,M,M,M,M,M,M,M,M,M,M,M,M,M,M,M,M,1.3,M,M
US1OHPT0008,"STREETSBORO 2.1 SSW","PORTAGE",OH,1086,41.21,-81.35,M,M,M,M,M,M,M,M,M,M,M,M,M,M,M,M,M,M,M,M,T,T,M,M,M,M,M,M,M,M,M
US1OHCY0042,"STRONGSVILLE 1.3 SE","CUYAHOGA",OH,993,41.3,-81.82,M,M,M,M,M,M,M,M,M,M,M,M,M,M,M,4.5,4.5,3,3,M,M,M,M,M,M,M,M,M,M,M,M
US1OHDL0037,"SUNBURY 4.8 WNW","DELAWARE",OH,950,40.28,-82.94,M,M,M,M,M,M,M,M,M,M,M,M,M,M,4.8,4,4,2,2,2.8,2.8,1,0.8,1.6,1.6,M,M,M,M,M,M
US1OHDL0010,"SUNBURY 5.7 ESE","DELAWARE",OH,1090,40.2,-82.77,0,T,1.7,2,2,4.1,4.4,4.4,6.1,4.4,6.2,6.2,4.1,3.8,4.2,2.8,2.8,0.7,0.7,1,1,0.6,0.3,0.4,0.4,0.4,0.1,0.1,0.1,0.1,0
US1OHFL0013,"SWANTON 4.0 S","FULTON",OH,679,41.53,-83.91,M,M,M,M,M,M,M,0.9,1.9,1.7,3,3,3,3,4,3,3,M,M,M,M,M,M,M,M,0.5,0.5,0.5,0.5,T,M
US1OHLS0023,"SWANTON 6.7 NNE","LUCAS",OH,695,41.67,-83.84,M,M,M,M,M,M,M,1,1.5,1.5,2.5,2.5,2.5,2.5,3,2.5,2.5,0.5,0.5,0.5,0.5,T,0.3,0.3,0.3,0.3,0.3,0.3,0.3,T,0
US1OHSM0039,"TALLMADGE 0.8 NNE","SUMMIT",OH,1220,41.11,-81.42,0.1,0.2,3.1,5,5.4,7,8,9.3,9.6,6.7,6.7,6.3,4.7,3.7,2.9,2.7,3.4,1.6,1.7,2.6,2.6,1.9,1.7,1.4,1.4,1.3,0.4,0.4,0.4,0.4,T
US1OHSN0003,"TIFFIN 5.2 SE","SENECA",OH,834,41.06,-83.11,0,T,1.5,2.5,2.8,3.8,4,4,6,4.5,6,5.7,4.7,4.5,5.8,4.3,4.3,1.8,1.8,3.3,3.3,2,1.5,1.6,1.6,1.6,0.1,0.1,0.1,0.1,0
USC00338332,"TIPP CITY","MIAMI",OH,840,39.96,-84.17,0,0,0.7,0.7,0.7,5.1,6.4,6.4,6.4,5.7,8.9,8.9,4.5,3.2,3.6,3.6,3.6,0.4,0.4,0.9,0.9,0.5,0.5,0.9,0.9,0.9,0.4,0.4,0.4,0.4,0
US1OHMM0014,"TIPP CITY 0.6 SE","MIAMI",OH,840,39.96,-84.17,0,T,0.7,0.7,0.7,5.1,6.4,6.4,6.4,5.7,8.9,8.9,4.5,3.2,3.6,3.6,3.6,0.4,0.4,0.9,0.9,0.5,0.5,0.9,0.9,0.9,0.4,0.4,0.4,0.4,T
US1OHLS0041,"TOLEDO 3.9 NW","LUCAS",OH,636,41.7,-83.64,M,M,M,M,M,M,M,M,M,M,2,2,2,2,4,4,4,2,2,2,2,T,0.5,0.5,0.5,0.5,0.5,0.5,0.5,0,M
USW00094830,"TOLEDO EXPRESS AP","LUCAS",OH,674,41.59,-83.81,T,T,0.6,0.6,0.6,0.6,0.6,1.4,1.4,2,2.6,2.6,2.6,3.5,2.8,2.8,1.6,1,1,1,0.2,0.6,0.9,0.9,0.9,0.9,0.9,0.7,0.3,0,0.1
US1OHMM0019,"TROY 1.8 W","MIAMI",OH,916,40.04,-84.25,M,M,M,M,M,M,M,M,M,M,M,9.5,4,4,4,4,4,M,M,M,M,M,M,M,M,M,M,M,M,M,M
US1OHMM0013,"TROY 3.1 S","MIAMI",OH,881,40,-84.21,0,T,0.2,0.2,0.2,4.2,4.5,4.5,4.5,4.3,7.3,7.3,3.3,3,3.2,3.2,3.2,0.2,0.2,0.3,0.3,0.1,0.1,0.2,0.2,0.2,0.1,0.1,0.1,0.1,0
US1OHTS0014,"UHRICHSVILLE 0.7 N","TUSCARAWAS",OH,855,40.41,-81.35,0,T,0.7,1.2,1.2,2.5,2.8,2.8,3.4,2.7,4.9,4.9,3.6,3.3,4.1,3.7,4.1,1.4,1.4,2.1,2.1,1.5,1.3,0.9,0.9,0.9,0.2,0.2,T,T,0
US1OHMY0034,"UNION 1.0 WSW","MONTGOMERY",OH,981,39.9,-84.33,M,M,M,M,M,M,M,7.6,7.6,7,10.8,10.8,4.8,3.8,4,4,4,0.2,0.2,1.2,1.2,1,1,1.7,1.7,1.7,0.7,0.7,0.7,0.7,M
USC00338552,"URBANA WRF","CHAMPAIGN",OH,1019,40.1,-83.78,M,M,M,M,M,M,M,M,M,M,M,M,M,M,M,M,M,M,M,M,M,M,M,M,M,M,M,M,M,M,0
US1OHMY0086,"VANDALIA 1.1 ENE","MONTGOMERY",OH,923,39.89,-84.18,M,M,M,M,M,M,M,M,8.2,7.7,12.2,12,5,5,5,5,4.5,M,M,M,M,M,M,M,M,M,M,M,M,M,M
US1OHER0048,"VERMILION 6.1 SW","ERIE",OH,733,41.36,-82.41,M,M,M,M,M,M,M,M,9.2,8.7,8.1,8.1,4.5,4,5,3.8,5,M,M,M,M,M,M,M,M,1,T,T,T,T,M
US1OHDR0007,"VERSAILLES 1.6 WSW","DARKE",OH,1000,40.22,-84.51,M,M,M,M,M,M,1.4,1.4,1.4,1,4.5,4.5,M,M,M,M,M,M,M,0.5,0.5,0.3,0.3,1.3,1.3,1.3,M,M,M,M,M
US1OHMD0001,"WADSWORTH 4.7 WNW","MEDINA",OH,1313,41.04,-81.82,M,M,M,M,M,M,9.6,9,10.4,10,7.8,6.4,6.4,4.3,4.8,3.5,5.1,3.4,3.1,5.5,5.5,4.5,4.4,3.5,3.3,3.1,0.7,0.9,0.9,0.9,M
US1OHLR0030,"WAKEMAN 6.1 NE","LORAIN",OH,814,41.32,-82.33,M,M,M,M,M,M,M,M,M,M,M,M,M,M,M,M,M,M,M,M,M,M,M,M,M,M,M,0,0,0,M
USC00338769,"WARREN 3 S","TRUMBULL",OH,900,41.2,-80.81,T,T,0.1,0.2,0.2,0.2,0.4,0.4,0.4,0.2,1.6,1.6,1.6,1.5,1.5,1.5,2.5,M,M,M,M,M,M,M,0.5,0.5,0,0,0,0,0
US1OHCC0008,"WARSAW 6.0 WSW","COSHOCTON",OH,894,40.29,-82.1,M,M,M,M,M,M,M,5.1,6.1,4.8,6.8,6.8,4.8,4.3,5.6,5,M,M,M,M,M,M,M,M,1.2,1.2,0.7,0.7,0.7,0.7,M
USC00338775,"WARSAW 6 WSW","COSHOCTON",OH,885,40.29,-82.1,0,0,1.3,2.1,2.1,4.1,4.6,5.1,6.1,4.8,6.6,6.6,4.6,4.1,5.4,4.8,M,M,M,M,M,M,M,M,M,M,M,M,M,0.7,0
US1OHFY0008,"WASHINGTON COURT HOUSE 0.6 ESE","FAYETTE",OH,957,39.53,-83.43,M,M,M,M,M,M,M,M,M,M,M,13,5,3,3,3,3,M,M,M,M,M,M,M,M,M,M,M,T,T,M
US1OHWS0012,"WATERFORD 3.4 SSW","WASHINGTON",OH,683,39.5,-81.66,M,M,M,M,M,M,M,M,M,M,M,M,M,M,M,M,M,M,M,M,2,2,2,2,2,0.5,T,T,0,0,0
US1OHLS0022,"WATERVILLE 2.4 NNE","LUCAS",OH,645,41.53,-83.72,M,M,M,M,M,M,M,M,M,M,M,2,2,2,3.3,3.3,3.3,1.3,1.3,1.3,1.3,T,0.1,0.1,0.1,0.1,0.1,0.1,0.1,T,M
USC00338822,"WAUSEON WATER PLANT","FULTON",OH,750,41.52,-84.15,0,T,0.1,0.2,0.2,0.2,0.2,0.2,1.2,1.1,3.5,3.5,3.5,3.5,4.5,3.7,3.7,1.2,1.2,1.3,1.3,0.3,0.6,0.6,0.6,0.6,0.5,0.5,0.5,0,0
USC00338830,"WAVERLY","PIKE",OH,572,39.11,-82.98,0,0,0,0,0,6.5,8.3,8.3,8.3,8.3,M,M,M,M,M,M,M,M,M,M,M,M,M,0,0,0,0,0,0,0,0
US1OHPK0002,"WAVERLY 4.2 NE","PIKE",OH,676,39.17,-82.93,M,M,M,M,M,M,M,M,M,M,M,M,M,M,2.8,2.8,2.8,0,T,0.5,0.5,0.6,0.6,0.6,0.6,0.6,0.1,0.1,T,T,M
US1OHLR0002,"WELLINGTON 5.5 SW","LORAIN",OH,932,41.11,-82.3,M,M,M,M,M,M,M,M,M,M,6.2,6.2,4.7,3.2,2.5,3,4,2,M,M,M,M,M,M,M,1.5,T,T,T,T,M
US1OHCB0031,"WELLSVILLE 1.9 N","COLUMBIANA",OH,1110,40.63,-80.66,M,M,M,M,M,M,M,6.2,6,4.2,5.5,5.5,4.1,3.1,3.5,4.6,6.2,M,M,M,M,M,M,M,M,M,M,M,0.4,0.4,M
US1OHCB0018,"WELLSVILLE 4.3 N","COLUMBIANA",OH,1068,40.66,-80.64,M,M,M,M,M,M,M,5,4.9,3.4,5,5,3.8,3,3.5,4.5,6,M,M,M,M,M,M,M,M,2.8,0.6,0.6,0.6,0.6,M
USC00338951,"WESTERVILLE","FRANKLIN",OH,802,40.13,-82.94,0,0,M,M,M,M,M,M,M,M,M,M,M,M,M,M,M,2,2,2.2,1.2,0.2,0.2,0.6,0.6,0.6,0.4,0.4,0.4,0.4,0
US1OHMM0027,"WEST MILTON 1.7 NW","MIAMI",OH,975,39.97,-84.35,M,M,M,M,M,M,M,M,M,M,M,M,M,4,4,M,M,M,M,M,M,M,M,M,M,M,T,T,T,T,M
US1OHWN0012,"WEST SALEM 1.3 SSE","WAYNE",OH,1091,40.95,-82.1,M,M,M,M,M,M,M,0,0,0,0,0,0,0,0,0,0,M,M,M,M,M,M,M,0,0,0,0,0,0,M
USC00339220,"WFO WILMINGTON","CLINTON",OH,1053,39.42,-83.82,T,T,1.3,1.3,5.8,10.2,10.2,10.2,10.2,12,12.4,7.9,3.5,3.5,3.5,3.5,0.4,0,0.3,0.3,0.3,0.3,0.5,0.7,0.7,0.4,0.4,0.4,0.4,0.2,0
US1OHLK0025,"WILLOUGHBY 3.2 N","LAKE",OH,610,41.69,-81.41,T,0.7,2.3,4.5,5.9,7.1,8.1,8.1,7.4,5.8,4.9,4.2,3,2.4,3.6,4,5.1,3.8,3.1,5.9,6.7,5.5,5.3,4.3,4.3,4.3,1.5,0.4,0.4,0.2,0.1
US1OHCN0010,"WILMINGTON 2.2 N","CLINTON",OH,1062,39.47,-83.84,0,T,1.5,1.5,1.5,7.4,9.8,9.8,9.8,8.3,11.5,11.5,5.6,3.2,3.2,3.2,3.2,T,T,1,1,1,1,1.5,1.5,1.5,0.5,0.5,0.5,0.5,T
US1OHCN0006,"WILMINGTON 3.6 W","CLINTON",OH,1019,39.44,-83.9,T,T,1.6,1.6,3.5,11.2,11.2,11.2,11.2,11.5,13.3,11.4,3.7,3.7,3.7,3.7,1.8,T,0.6,0.6,0.7,0.7,0.7,1.4,1.4,0.8,0.8,0.7,0.7,0.7,0
US1OHCN0014,"WILMINGTON 7.4 NNW","CLINTON",OH,995,39.55,-83.87,M,M,M,M,M,M,M,8.6,8.6,7.1,10.2,10.2,4.7,3.1,3.3,3.3,3.3,0.2,0.2,0.7,0.7,0.6,0.6,1,1,1,0.5,0.5,0.4,0.4,0
USW00013841,"WILMINGTON AIR PARK","CLINTON",OH,1066,39.43,-83.78,M,M,M,M,M,M,M,M,10.2,12,12.4,7.9,3.5,3.5,3.5,3.5,0.4,T,0.3,0.3,0.3,0.3,0.5,0.5,0.5,0.2,0.2,0.2,0.2,T,0
USC00339293,"WINCHESTER 7 NNW","HIGHLAND",OH,1015,39.04,-83.7,0,0,0.7,0.7,0.7,6.8,8.5,8.5,8.5,7.8,11.3,11.3,5.2,3.5,3.5,3.5,3.5,0,0,0,0,0,0,0,0,0,0,0,0,0,0
US1OHJF0011,"WINTERSVILLE 0.7 WNW","JEFFERSON",OH,1173,40.38,-80.72,M,M,M,M,M,M,M,M,M,M,M,M,M,M,M,M,M,M,M,M,M,M,M,M,M,M,T,T,T,T,M
US1OHCM0018,"WITHAMSVILLE 1.4 NW","CLERMONT",OH,918,39.07,-84.29,M,M,M,M,M,6.7,12.1,12.3,12.3,12.3,14.4,14.4,7.7,2.3,2.1,2.1,2.1,0,0,T,T,T,T,T,T,T,T,T,T,T,0
US1OHHM0080,"WYOMING 0.5 WNW","HAMILTON",OH,796,39.23,-84.49,M,M,M,M,M,M,M,M,M,M,M,M,M,M,M,M,M,M,M,M,M,M,M,M,0,0,0,0,0,0,M
US1OHGR0026,"XENIA 2.8 SW","GREENE",OH,914,39.66,-83.98,0,T,1.5,1.5,1.5,8.3,10.9,10.9,10.9,9.4,13.4,13.4,6.6,4,4.2,4.2,4.2,0.2,0.2,0.7,0.7,0.5,0.5,1,1,1,0.5,0.5,0.5,0.5,0
USC00339361,"XENIA 6 SSE","GREENE",OH,950,39.61,-83.91,0,0,0.6,0.6,0.6,8.1,8.2,8.2,8.2,7.6,10.2,10.2,2.7,2.6,2.6,2.6,2.6,0,0,0,0,0,0,0,0,0,0,0,0,0,0
US1OHGR0019,"YELLOW SPRINGS 2.5 ENE","GREENE",OH,1039,39.81,-83.85,M,M,M,M,M,M,M,8.4,8.4,M,M,M,M,M,M,M,4.1,M,M,M,M,M,M,M,M,M,M,M,M,M,M
USW00014852,"YOUNGSTOWN-WARREN RGNL AP","TRUMBULL",OH,1166,41.25,-80.67,0.2,0.2,3.6,5.2,5.4,6.6,7,7.5,7.5,5,4.6,4.4,3.2,3.5,2.8,5,4.1,3.4,5,7.1,6.4,6.4,4.6,4.8,4.3,2.7,0.6,0.6,0.8,0.4,0.3
